recommendation_set_id,set_clicked
46914,0.0
46961,0.0
47012,0.0
47181,0.0
47240,0.0
47269,0.0
47271,0.0
47349,0.0
47380,0.0
47494,0.0
47517,0.0
47535,0.0
47706,0.0
47853,0.0
47980,0.0
48114,0.0
48155,0.0
48198,0.0
48299,0.0
48305,0.0
48323,0.0
48361,0.0
48415,0.0
48431,0.0
48472,0.0
48520,0.0
48583,0.0
48628,0.0
48682,1.0
48726,0.0
48747,0.0
48790,0.0
48854,0.0
49027,0.0
49061,0.0
49089,0.0
49098,0.0
49180,0.0
49194,0.0
49205,0.0
49288,0.0
49302,0.0
49327,0.0
49367,1.0
49371,0.0
49422,0.0
49453,0.0
49542,0.0
49544,0.0
49622,0.0
49712,0.0
49740,0.0
49782,0.0
49808,0.0
49870,0.0
49885,0.0
49890,0.0
49905,0.0
49928,0.0
49952,0.0
49957,0.0
49961,0.0
49979,0.0
50032,0.0
50154,0.0
50158,0.0
50232,0.0
50272,1.0
50354,0.0
50380,1.0
50404,0.0
50498,0.0
50536,0.0
50547,0.0
50552,0.0
50554,0.0
50623,0.0
50650,0.0
50667,0.0
50690,0.0
50712,0.0
50766,0.0
50813,0.0
50872,0.0
50874,1.0
50880,0.0
50950,0.0
51137,0.0
51193,0.0
51228,1.0
51259,0.0
51284,1.0
51289,0.0
51342,0.0
51391,0.0
51394,0.0
51436,0.0
51452,0.0
51460,0.0
51464,0.0
51512,0.0
51562,0.0
51647,0.0
51725,0.0
51806,0.0
51974,0.0
52021,0.0
52052,0.0
52085,0.0
52127,0.0
52139,0.0
52171,0.0
52262,0.0
52290,0.0
52443,0.0
52673,0.0
52737,0.0
52754,0.0
52780,0.0
52842,0.0
52929,0.0
53009,0.0
53117,0.0
53192,0.0
53279,0.0
53297,0.0
53319,0.0
53324,0.0
53345,0.0
53352,0.0
53451,0.0
53462,0.0
53470,0.0
53516,0.0
53631,0.0
53660,0.0
53673,0.0
53684,1.0
53722,0.0
53798,0.0
53814,0.0
53866,0.0
53898,0.0
53942,0.0
53947,0.0
54032,0.0
54055,0.0
54151,0.0
54369,0.0
54377,0.0
54402,0.0
54449,0.0
54550,0.0
54600,0.0
54666,0.0
54741,0.0
54751,0.0
54767,0.0
54827,0.0
54835,0.0
54894,0.0
54934,0.0
54968,0.0
54979,0.0
54992,0.0
54997,0.0
55075,0.0
55123,0.0
55135,0.0
55165,0.0
55211,0.0
55254,0.0
55292,0.0
55294,0.0
55337,1.0
55558,0.0
55561,1.0
55590,0.0
55639,0.0
55677,0.0
55837,0.0
55902,0.0
56048,0.0
56076,0.0
56106,0.0
56129,0.0
56136,0.0
56158,1.0
56183,0.0
56199,0.0
56254,0.0
56346,0.0
56351,0.0
56505,0.0
56554,0.0
56673,0.0
56725,0.0
56738,0.0
56756,0.0
56806,0.0
56919,0.0
56943,0.0
56990,0.0
57083,0.0
57097,0.0
57142,0.0
57150,0.0
57254,0.0
57275,0.0
57331,0.0
57551,0.0
57653,0.0
57710,0.0
57764,0.0
57779,0.0
57922,0.0
57963,0.0
57968,0.0
58058,0.0
58098,0.0
58145,0.0
58147,0.0
58156,0.0
58326,0.0
58353,0.0
58442,0.0
58553,0.0
58592,0.0
58664,0.0
58695,0.0
58742,0.0
58758,0.0
58798,0.0
58841,0.0
58923,0.0
58953,0.0
58973,0.0
58983,0.0
58998,0.0
59058,0.0
59105,0.0
59163,1.0
59210,0.0
59220,0.0
59222,0.0
59302,0.0
59348,0.0
59441,0.0
59483,0.0
59562,0.0
59649,0.0
59659,0.0
59662,0.0
59705,0.0
59768,0.0
59799,0.0
59845,0.0
59881,0.0
59903,0.0
59924,0.0
59956,0.0
60055,0.0
60077,0.0
60108,0.0
60241,0.0
60247,0.0
60248,0.0
60312,0.0
60320,0.0
60373,0.0
60562,0.0
60619,0.0
60794,0.0
60950,0.0
60951,0.0
60965,0.0
61116,0.0
61179,0.0
61262,0.0
61264,0.0
61315,0.0
61347,0.0
61410,0.0
61449,0.0
61465,0.0
61498,0.0
61676,0.0
61731,0.0
61741,0.0
61760,0.0
61761,0.0
61781,0.0
61809,0.0
61821,0.0
61839,0.0
61917,0.0
61931,0.0
61932,0.0
61974,1.0
62106,0.0
62131,0.0
62186,0.0
62200,0.0
62346,0.0
62416,0.0
62449,1.0
62531,0.0
62552,0.0
62568,1.0
62569,1.0
62573,1.0
62609,0.0
62614,0.0
62629,0.0
62639,0.0
62985,0.0
63073,0.0
63201,0.0
63225,0.0
63254,0.0
63269,0.0
63303,0.0
63362,0.0
63451,0.0
63634,0.0
63826,1.0
63866,1.0
63881,0.0
63912,0.0
64035,0.0
64077,0.0
64088,0.0
64102,0.0
64184,0.0
64366,0.0
64432,0.0
64570,0.0
64619,0.0
64622,0.0
64647,0.0
64657,0.0
64685,0.0
64693,0.0
64743,0.0
64777,0.0
64836,0.0
64851,0.0
64852,0.0
64890,0.0
64956,0.0
65054,0.0
65097,0.0
65199,0.0
65229,0.0
65284,0.0
65342,0.0
65417,0.0
65433,0.0
65476,0.0
65554,0.0
65560,0.0
65628,0.0
65657,0.0
65700,0.0
65702,0.0
65768,0.0
65818,1.0
65845,0.0
65915,0.0
65921,0.0
65981,0.0
66017,0.0
66109,0.0
66111,0.0
66115,0.0
66142,0.0
66187,0.0
66405,0.0
66413,0.0
66414,0.0
66547,0.0
66595,0.0
66616,0.0
66652,0.0
66653,0.0
66673,0.0
66699,0.0
66722,0.0
66744,0.0
66790,0.0
66792,0.0
66806,0.0
66855,0.0
66857,0.0
66959,0.0
66970,0.0
67012,0.0
67046,0.0
67067,0.0
67098,0.0
67100,1.0
67149,0.0
67150,0.0
67166,0.0
67168,0.0
67211,0.0
67214,0.0
67216,0.0
67254,0.0
67401,0.0
67445,0.0
67579,0.0
67601,0.0
67647,0.0
67789,0.0
67910,0.0
67942,0.0
67995,0.0
68015,0.0
68060,0.0
68131,0.0
68231,0.0
68302,0.0
68357,0.0
68361,0.0
68385,0.0
68403,0.0
68431,0.0
68466,0.0
68471,0.0
68496,1.0
68512,0.0
68514,1.0
68588,0.0
68599,0.0
68604,0.0
68721,0.0
68807,0.0
68819,0.0
68837,0.0
68875,0.0
68928,1.0
68967,0.0
69071,0.0
69084,0.0
69183,0.0
69188,0.0
69297,0.0
69406,0.0
69434,0.0
69470,0.0
69505,0.0
69538,0.0
69741,0.0
69777,0.0
69786,0.0
69917,0.0
69969,0.0
69974,0.0
69998,0.0
70012,0.0
70034,0.0
70066,0.0
70147,0.0
70349,0.0
70366,0.0
70379,0.0
70492,0.0
70494,0.0
70538,0.0
70588,0.0
70821,0.0
70897,0.0
70930,0.0
71038,1.0
71106,0.0
71277,0.0
71284,0.0
71349,0.0
71378,0.0
71379,0.0
71401,0.0
71402,0.0
71424,0.0
71518,0.0
71716,0.0
71726,0.0
71945,0.0
71964,0.0
71985,0.0
72027,0.0
72076,0.0
72090,0.0
72095,0.0
72179,0.0
72236,1.0
72276,0.0
72405,0.0
72409,0.0
72449,0.0
72493,0.0
72500,0.0
72539,0.0
72548,0.0
72583,0.0
72646,0.0
72665,0.0
72686,0.0
72703,0.0
72732,0.0
72799,0.0
72882,0.0
72945,0.0
73009,0.0
73018,0.0
73021,0.0
73039,0.0
73059,0.0
73086,0.0
73112,0.0
73151,0.0
73216,0.0
73260,0.0
73301,0.0
73354,0.0
73404,0.0
73408,0.0
73439,0.0
73440,0.0
73483,0.0
73614,0.0
73615,0.0
73616,0.0
73624,1.0
73726,0.0
73758,0.0
73881,0.0
73975,0.0
74016,0.0
74155,0.0
74166,0.0
74226,0.0
74279,0.0
74280,0.0
74317,0.0
74349,0.0
74358,0.0
74418,0.0
74582,0.0
74683,0.0
74746,0.0
74933,0.0
74950,0.0
75012,0.0
75045,0.0
75170,0.0
75177,0.0
75187,0.0
75194,0.0
75208,0.0
75216,0.0
75229,0.0
75295,0.0
75413,0.0
75426,0.0
75502,0.0
75592,0.0
75635,0.0
75658,1.0
75698,0.0
75704,0.0
75717,1.0
75719,0.0
75747,0.0
75823,0.0
75831,0.0
75838,0.0
75903,0.0
75910,0.0
75937,0.0
75988,0.0
76038,0.0
76053,0.0
76060,0.0
76062,0.0
76113,0.0
76136,0.0
76211,0.0
76235,0.0
76246,0.0
76277,0.0
76322,0.0
76324,0.0
76395,0.0
76401,0.0
76454,0.0
76487,0.0
76500,0.0
76507,0.0
76652,0.0
76668,0.0
76672,0.0
76687,0.0
76889,0.0
76908,0.0
76935,0.0
76945,0.0
76978,0.0
77008,0.0
77073,0.0
77095,0.0
77100,0.0
77142,0.0
77197,0.0
77202,0.0
77238,0.0
77311,0.0
77345,0.0
77433,0.0
77556,0.0
77571,0.0
77674,0.0
77735,0.0
77766,0.0
77847,0.0
77889,0.0
77922,0.0
77976,0.0
78044,0.0
78186,0.0
78192,0.0
78197,0.0
78209,0.0
78339,0.0
78349,0.0
78359,0.0
78515,0.0
78518,0.0
78587,0.0
78612,0.0
78613,0.0
78618,0.0
78723,0.0
78737,0.0
78752,0.0
78783,0.0
78871,0.0
78873,0.0
78982,0.0
79069,0.0
79072,0.0
79087,0.0
79130,0.0
79154,0.0
79182,0.0
79196,0.0
79199,0.0
79229,0.0
79241,0.0
79315,0.0
79434,0.0
79450,1.0
79477,0.0
79514,0.0
79552,0.0
79553,0.0
79649,0.0
79836,0.0
79856,0.0
79945,0.0
79992,0.0
80018,0.0
80190,0.0
80327,0.0
80407,0.0
80455,0.0
80460,0.0
80498,0.0
80528,0.0
80573,0.0
80685,0.0
80702,0.0
80704,0.0
80760,0.0
80853,0.0
80904,0.0
80913,0.0
80928,0.0
80982,0.0
80992,0.0
81426,0.0
81455,0.0
81509,0.0
81530,0.0
81557,0.0
81571,0.0
81574,0.0
81683,0.0
81760,0.0
81786,0.0
81995,0.0
82022,0.0
82105,0.0
82274,0.0
82295,0.0
82310,0.0
82366,0.0
82411,0.0
82474,0.0
82525,0.0
82863,0.0
82914,0.0
82968,0.0
82980,0.0
83081,0.0
83093,1.0
83118,0.0
83120,0.0
83137,0.0
83141,0.0
83355,0.0
83357,0.0
83402,0.0
83482,0.0
83630,0.0
83643,0.0
83718,0.0
83721,0.0
83772,0.0
83826,0.0
83841,0.0
83874,0.0
83949,0.0
83960,0.0
84027,0.0
84104,0.0
84106,0.0
84143,0.0
84237,0.0
84255,0.0
84324,0.0
84331,0.0
84375,0.0
84431,0.0
84519,0.0
84523,0.0
84552,0.0
84555,0.0
84694,0.0
84771,0.0
84824,0.0
84970,0.0
84999,0.0
85003,0.0
85040,0.0
85120,0.0
85162,0.0
85218,1.0
85262,0.0
85306,0.0
85311,0.0
85339,0.0
85419,0.0
85462,0.0
85471,0.0
85474,0.0
85515,0.0
85547,0.0
85560,0.0
85568,0.0
85580,1.0
85652,0.0
85703,0.0
85816,0.0
85942,0.0
86036,0.0
86055,0.0
86080,0.0
86082,0.0
86088,0.0
86089,0.0
86113,0.0
86229,0.0
86254,0.0
86274,0.0
86355,0.0
86455,0.0
86474,0.0
86498,0.0
86507,0.0
86601,0.0
86656,0.0
86662,0.0
86716,0.0
86750,0.0
86756,0.0
86873,0.0
86908,0.0
87259,0.0
87268,1.0
87287,0.0
87292,0.0
87399,0.0
87418,0.0
87494,0.0
87497,0.0
87532,0.0
87616,0.0
87644,1.0
87832,0.0
87834,0.0
87845,0.0
87921,0.0
87949,0.0
88025,0.0
88225,0.0
88286,0.0
88292,0.0
88304,0.0
88371,1.0
88382,0.0
88442,0.0
88526,0.0
88606,0.0
88628,0.0
88787,0.0
88825,1.0
88917,0.0
88944,0.0
88950,0.0
88964,0.0
88999,0.0
89045,0.0
89137,0.0
89233,0.0
89413,1.0
89431,0.0
89501,0.0
89556,0.0
89579,0.0
89601,0.0
89632,0.0
89747,0.0
89754,0.0
89780,0.0
89903,0.0
89913,0.0
90246,0.0
90251,0.0
90283,0.0
90293,0.0
90319,0.0
90362,0.0
90364,0.0
90365,0.0
90416,0.0
90477,0.0
90552,0.0
90564,0.0
90608,0.0
90623,0.0
90676,0.0
90739,0.0
90856,0.0
91050,0.0
91081,0.0
91096,0.0
91138,0.0
91232,0.0
91234,0.0
91422,0.0
91577,0.0
91604,0.0
91744,0.0
91757,0.0
91763,0.0
91781,0.0
91790,0.0
91854,0.0
91882,1.0
91894,0.0
91908,0.0
91946,0.0
91974,0.0
91983,0.0
92002,0.0
92105,0.0
92128,0.0
92176,0.0
92255,0.0
92258,0.0
92363,0.0
92494,0.0
92508,0.0
92595,0.0
92647,0.0
92739,0.0
92756,0.0
92765,0.0
92853,0.0
92889,0.0
93011,0.0
93067,0.0
93188,0.0
93258,0.0
93275,0.0
93276,0.0
93305,1.0
93459,0.0
93591,0.0
93662,0.0
93676,0.0
93702,0.0
93733,0.0
93849,0.0
93874,0.0
93914,0.0
94017,0.0
94031,0.0
94056,0.0
94093,0.0
94096,0.0
94126,0.0
94239,1.0
94273,0.0
94372,0.0
94437,0.0
94486,0.0
94624,0.0
94738,0.0
94788,0.0
94816,0.0
94953,0.0
94958,0.0
94984,0.0
94986,0.0
95013,0.0
95036,0.0
95063,0.0
95100,0.0
95120,0.0
95186,0.0
95349,0.0
95353,0.0
95397,0.0
95417,0.0
95709,0.0
95762,0.0
95957,0.0
95979,0.0
95980,1.0
95998,0.0
95999,0.0
96034,0.0
96036,0.0
96046,0.0
96090,0.0
96111,0.0
96123,0.0
96173,0.0
96266,0.0
96364,0.0
96370,0.0
96421,0.0
96464,0.0
96473,0.0
96500,0.0
96519,0.0
96527,0.0
96530,0.0
96543,0.0
96597,0.0
96625,1.0
96665,0.0
96688,0.0
96692,0.0
96766,0.0
96770,0.0
96961,0.0
96990,0.0
97025,0.0
97048,0.0
97115,0.0
97141,0.0
97166,0.0
97189,0.0
97212,1.0
97332,0.0
97395,0.0
97427,0.0
97431,0.0
97435,0.0
97447,0.0
97647,0.0
97671,0.0
97704,0.0
97718,0.0
97887,1.0
97910,0.0
97929,0.0
98002,0.0
98029,0.0
98031,0.0
98057,0.0
98063,0.0
98071,0.0
98120,0.0
98158,0.0
98241,0.0
98245,0.0
98251,0.0
98327,0.0
98377,0.0
98443,0.0
98578,0.0
98583,0.0
98717,0.0
98745,1.0
98836,0.0
98863,0.0
98934,0.0
99055,0.0
99070,0.0
99179,0.0
99199,1.0
99386,0.0
99425,0.0
99481,0.0
99565,0.0
99688,0.0
99727,0.0
99799,0.0
99820,0.0
99862,0.0
99913,1.0
99924,0.0
99948,0.0
99967,0.0
100101,0.0
100126,0.0
100131,0.0
100283,0.0
100330,0.0
100376,0.0
100386,0.0
100398,0.0
100475,1.0
100480,0.0
100835,0.0
101002,1.0
101036,0.0
101127,0.0
101259,0.0
101368,0.0
101406,0.0
101420,0.0
101542,0.0
101568,0.0
101601,0.0
101624,0.0
101665,0.0
101708,0.0
101757,0.0
101777,0.0
101835,0.0
101836,1.0
101884,0.0
101900,0.0
101920,0.0
101974,0.0
102013,0.0
102029,0.0
102071,0.0
102096,0.0
102097,0.0
102109,0.0
102128,0.0
102191,0.0
102192,0.0
102232,0.0
102265,1.0
102359,0.0
102404,0.0
102479,1.0
102529,0.0
102611,0.0
102638,0.0
102767,1.0
102889,0.0
102934,0.0
102945,0.0
103078,0.0
103085,0.0
103091,0.0
103093,0.0
103201,0.0
103323,0.0
103346,0.0
103401,0.0
103527,0.0
103564,0.0
103577,0.0
103650,0.0
103661,0.0
103717,0.0
103720,0.0
103788,0.0
103856,0.0
103860,0.0
103863,0.0
103912,0.0
103974,0.0
104006,0.0
104121,0.0
104209,0.0
104346,0.0
104489,0.0
104493,0.0
104546,0.0
104687,0.0
104710,0.0
104741,0.0
104761,0.0
104901,0.0
104926,0.0
104997,0.0
105092,0.0
105121,0.0
105133,0.0
105137,0.0
105158,0.0
105533,0.0
105690,0.0
105747,0.0
105751,1.0
105777,0.0
105789,0.0
105851,0.0
105869,0.0
105898,0.0
106015,0.0
106043,1.0
106047,0.0
106073,0.0
106086,1.0
106115,0.0
106119,0.0
106241,0.0
106278,0.0
106287,0.0
106409,0.0
106450,0.0
106677,0.0
106693,0.0
106710,0.0
106739,0.0
106812,0.0
106891,0.0
107044,1.0
107121,0.0
107173,0.0
107214,0.0
107225,0.0
107247,0.0
107341,0.0
107353,0.0
107358,0.0
107422,0.0
107528,0.0
107563,0.0
107653,0.0
107704,0.0
107814,0.0
107834,0.0
107894,0.0
107912,0.0
107958,0.0
108002,0.0
108083,0.0
108154,1.0
108238,0.0
108262,0.0
108300,0.0
108502,0.0
108576,0.0
108579,0.0
108647,0.0
108653,1.0
108727,0.0
108761,0.0
108785,0.0
108925,0.0
109005,0.0
109042,0.0
109113,0.0
109221,0.0
109248,0.0
109276,0.0
109343,0.0
109466,0.0
109579,0.0
109626,0.0
109652,0.0
109659,0.0
109698,0.0
109706,0.0
109749,0.0
109798,0.0
109868,0.0
109918,0.0
109952,0.0
109959,0.0
109985,0.0
110014,0.0
110092,0.0
110154,0.0
110323,0.0
110373,0.0
110516,1.0
110531,0.0
110627,0.0
110701,0.0
110731,0.0
110770,0.0
110772,0.0
110775,0.0
110830,0.0
110862,0.0
110884,0.0
111011,0.0
111012,0.0
111067,0.0
111106,0.0
111114,0.0
111260,0.0
111503,0.0
111560,0.0
111591,0.0
111851,0.0
111954,1.0
111957,0.0
111978,0.0
112014,0.0
112034,0.0
112221,0.0
112296,0.0
112335,0.0
112368,1.0
112383,1.0
112391,0.0
112432,0.0
112438,0.0
112455,0.0
112473,0.0
112474,0.0
112501,0.0
112528,0.0
112529,0.0
112556,0.0
112626,0.0
112674,0.0
112701,0.0
112710,0.0
112748,0.0
112772,0.0
112789,0.0
112804,0.0
112835,0.0
112853,0.0
112876,0.0
112894,0.0
113005,0.0
113029,1.0
113101,0.0
113123,0.0
113231,0.0
113288,0.0
113341,0.0
113532,0.0
113569,0.0
113637,0.0
113656,0.0
113916,0.0
113961,0.0
114010,0.0
114071,0.0
114185,0.0
114196,0.0
114206,0.0
114269,0.0
114278,0.0
114293,0.0
114309,0.0
114313,0.0
114357,0.0
114428,0.0
114471,0.0
114487,0.0
114518,0.0
114547,0.0
114568,0.0
114584,0.0
114612,0.0
114642,0.0
114671,1.0
114687,0.0
114698,0.0
114722,1.0
114775,0.0
114869,0.0
114881,0.0
115070,0.0
115121,0.0
115130,0.0
115134,0.0
115135,0.0
115197,0.0
115356,0.0
115414,0.0
115438,0.0
115465,0.0
115630,0.0
115703,0.0
115872,0.0
115906,0.0
115976,0.0
116015,0.0
116177,0.0
116256,0.0
116262,0.0
116311,0.0
116324,0.0
116370,0.0
116372,0.0
116478,0.0
116487,0.0
116500,0.0
116603,0.0
116638,0.0
116708,0.0
116749,1.0
116765,0.0
116945,0.0
117212,0.0
117317,0.0
117323,0.0
117337,0.0
117393,0.0
117434,0.0
117506,0.0
117612,0.0
117640,0.0
117738,0.0
117916,0.0
117954,1.0
117987,0.0
118049,0.0
118054,1.0
118061,0.0
118111,0.0
118182,0.0
118184,0.0
118246,0.0
118251,0.0
118288,0.0
118315,0.0
118341,0.0
118402,0.0
118653,0.0
118812,0.0
118883,0.0
118924,0.0
119000,1.0
119069,0.0
119163,0.0
119179,0.0
119241,0.0
119242,0.0
119251,0.0
119414,0.0
119447,0.0
119505,0.0
119507,0.0
119552,0.0
119607,0.0
119609,0.0
119653,0.0
119674,0.0
119718,0.0
119788,0.0
119820,0.0
119840,0.0
119954,0.0
119994,0.0
120162,0.0
120236,1.0
120258,0.0
120361,0.0
120522,0.0
120552,0.0
120624,0.0
120648,0.0
120656,0.0
120678,0.0
120705,0.0
120728,0.0
120801,0.0
120873,0.0
120974,0.0
121086,0.0
121225,0.0
121232,0.0
121267,0.0
121381,0.0
121401,0.0
121473,0.0
121538,0.0
121582,0.0
121587,0.0
121631,0.0
121728,0.0
121747,0.0
121792,0.0
121833,0.0
121973,0.0
122070,0.0
122100,0.0
122104,0.0
122117,0.0
122142,0.0
122243,0.0
122267,0.0
122421,1.0
122437,0.0
122466,0.0
122538,0.0
122558,0.0
122658,0.0
122790,0.0
122847,0.0
122911,0.0
122970,0.0
123022,0.0
123053,0.0
123069,1.0
123115,0.0
123132,0.0
123197,0.0
123260,0.0
123311,0.0
123367,0.0
123380,0.0
123392,0.0
123396,0.0
123422,0.0
123435,0.0
123526,0.0
123559,0.0
123622,0.0
123794,0.0
123922,0.0
123936,0.0
124015,0.0
124127,0.0
124132,0.0
124182,0.0
124198,0.0
124213,0.0
124251,0.0
124429,0.0
124445,1.0
124453,0.0
124523,0.0
124557,0.0
124592,0.0
124901,0.0
124973,0.0
125061,0.0
125091,0.0
125146,0.0
125217,0.0
125311,0.0
125320,0.0
125357,0.0
125365,0.0
125396,0.0
125427,0.0
125577,0.0
125617,0.0
125693,0.0
125697,0.0
125725,0.0
125752,0.0
125753,0.0
125759,0.0
125761,0.0
125801,0.0
125820,0.0
125855,0.0
125856,0.0
125858,0.0
125909,0.0
125911,0.0
125943,0.0
125972,0.0
125991,0.0
126068,0.0
126082,0.0
126116,0.0
126176,0.0
126185,0.0
126200,0.0
126242,0.0
126257,0.0
126270,0.0
126295,0.0
126484,0.0
126511,0.0
126540,0.0
126558,0.0
126560,0.0
126611,0.0
126714,1.0
126777,0.0
126816,0.0
126866,0.0
126961,0.0
126996,0.0
127059,0.0
127109,0.0
127125,0.0
127136,0.0
127163,0.0
127214,0.0
127344,0.0
127370,0.0
127461,1.0
127478,0.0
127516,0.0
127561,0.0
127587,0.0
127658,0.0
127788,0.0
127818,0.0
127839,0.0
127885,0.0
127935,0.0
127985,0.0
128019,0.0
128151,1.0
128216,0.0
128252,0.0
128285,0.0
128424,0.0
128479,0.0
128521,0.0
128532,0.0
128837,0.0
128845,0.0
128949,0.0
128958,0.0
128962,0.0
128976,0.0
128993,0.0
128997,0.0
129012,0.0
129054,0.0
129176,0.0
129179,0.0
129188,1.0
129243,1.0
129265,0.0
129280,0.0
129285,0.0
129295,0.0
129333,0.0
129693,0.0
129719,0.0
129796,0.0
129834,0.0
129838,1.0
130174,0.0
130274,0.0
130309,0.0
130315,0.0
130333,0.0
130347,0.0
130389,0.0
130476,1.0
130508,0.0
130565,0.0
130577,0.0
130641,0.0
130691,0.0
130769,0.0
130929,0.0
131063,0.0
131127,0.0
131134,0.0
131141,0.0
131293,0.0
131313,0.0
131352,0.0
131437,0.0
131471,0.0
131507,0.0
131596,0.0
131607,0.0
131616,0.0
131629,0.0
131640,0.0
131662,0.0
131849,0.0
131922,0.0
132051,0.0
132067,0.0
132102,0.0
132307,0.0
132322,0.0
132396,1.0
132574,0.0
132642,0.0
132657,0.0
132686,0.0
132729,0.0
132788,0.0
132794,0.0
132835,0.0
132858,0.0
132886,0.0
133142,0.0
133153,0.0
133208,0.0
133244,0.0
133257,0.0
133285,0.0
133350,0.0
133375,0.0
133398,0.0
133461,0.0
133520,0.0
133617,0.0
133695,0.0
133738,0.0
133820,0.0
133871,0.0
133901,0.0
133902,0.0
133948,1.0
133982,0.0
134116,0.0
134136,0.0
134137,0.0
134206,0.0
134247,0.0
134281,1.0
134338,0.0
134514,0.0
134529,0.0
134594,0.0
134632,0.0
134834,0.0
134883,0.0
134930,0.0
135054,0.0
135134,0.0
135144,0.0
135150,1.0
135209,0.0
135245,0.0
135304,0.0
135342,0.0
135361,0.0
135488,0.0
135506,0.0
135538,0.0
135540,0.0
135562,0.0
135580,0.0
135662,0.0
135714,0.0
135723,0.0
135745,0.0
135833,0.0
135904,0.0
135963,0.0
136084,0.0
136119,0.0
136127,0.0
136261,0.0
136300,0.0
136316,0.0
136350,0.0
136394,0.0
136431,0.0
136497,0.0
136529,0.0
136634,0.0
137032,0.0
137073,0.0
137105,0.0
137123,0.0
137214,0.0
137281,0.0
137285,0.0
137334,0.0
137360,0.0
137433,0.0
137457,0.0
137487,0.0
137552,0.0
137600,0.0
137634,0.0
137656,0.0
137779,0.0
137857,0.0
137898,0.0
138039,0.0
138125,0.0
138234,0.0
138242,0.0
138287,0.0
138350,0.0
138356,0.0
138391,0.0
138393,0.0
138623,0.0
138673,0.0
138761,0.0
138851,0.0
138862,0.0
138976,1.0
138977,0.0
138984,0.0
139288,0.0
139346,0.0
139420,0.0
139529,0.0
139575,0.0
139775,0.0
139812,0.0
139876,0.0
140176,0.0
140453,0.0
140661,0.0
140713,0.0
142022,0.0
142265,0.0
142474,0.0
142616,0.0
142933,0.0
143905,0.0
147068,0.0
147157,0.0
147195,0.0
147231,0.0
147239,0.0
147427,0.0
147468,0.0
147500,0.0
147573,0.0
147606,0.0
147669,0.0
147691,0.0
147791,0.0
147879,0.0
148058,0.0
148131,0.0
148268,0.0
148303,0.0
148418,0.0
148444,0.0
148491,0.0
148532,0.0
148548,0.0
148570,0.0
148599,0.0
148715,0.0
148756,0.0
148811,0.0
149105,0.0
149113,0.0
149216,0.0
149328,0.0
149344,0.0
149381,0.0
149408,0.0
149427,0.0
149525,0.0
149537,0.0
149578,0.0
149599,0.0
149654,0.0
149669,0.0
149764,0.0
149818,0.0
149852,0.0
149934,0.0
149946,0.0
149949,0.0
149954,0.0
149960,0.0
149981,0.0
150097,0.0
150153,0.0
150222,0.0
150284,0.0
150313,0.0
150432,0.0
150532,0.0
150578,0.0
150680,0.0
150731,0.0
150949,0.0
151092,1.0
151112,1.0
151363,0.0
151491,0.0
151561,0.0
151591,0.0
151671,0.0
151687,0.0
151792,1.0
151866,0.0
151951,0.0
151986,0.0
151992,0.0
152096,0.0
152119,0.0
152182,0.0
152234,1.0
152274,0.0
152338,0.0
152390,0.0
152425,0.0
152775,0.0
152781,0.0
152795,0.0
152814,0.0
152852,0.0
152956,0.0
153907,0.0
154342,0.0
154365,0.0
154556,0.0
154563,0.0
154655,0.0
154862,0.0
154946,0.0
155269,0.0
155273,0.0
155310,0.0
155402,1.0
155406,1.0
155407,1.0
155528,0.0
155669,0.0
155683,0.0
155700,0.0
155751,0.0
155804,0.0
155811,0.0
155852,0.0
155883,0.0
155901,0.0
155920,0.0
155973,0.0
156000,0.0
156025,0.0
156038,0.0
156049,0.0
156129,0.0
156167,0.0
156306,0.0
156364,0.0
156375,0.0
156405,0.0
156422,0.0
156543,0.0
156694,0.0
156747,0.0
156752,0.0
156756,1.0
156778,0.0
156848,0.0
156852,0.0
156886,0.0
156899,0.0
156935,0.0
156977,0.0
156987,0.0
157003,0.0
157020,0.0
157279,0.0
157288,0.0
157800,0.0
157884,1.0
157894,0.0
157942,0.0
158226,0.0
158283,0.0
158454,1.0
158492,0.0
158650,0.0
158773,0.0
158792,0.0
158805,0.0
158818,0.0
158822,0.0
158850,0.0
158867,0.0
158882,0.0
158903,0.0
158907,0.0
159213,0.0
159323,0.0
159324,0.0
159407,0.0
159408,0.0
159445,0.0
159522,0.0
159568,0.0
159569,0.0
159636,0.0
159751,0.0
159761,0.0
159786,1.0
159791,0.0
159891,0.0
159968,0.0
159996,0.0
160004,0.0
160102,0.0
160138,0.0
160176,0.0
160409,0.0
160530,0.0
160555,0.0
160592,0.0
160743,0.0
160746,0.0
160780,0.0
160807,0.0
160999,0.0
161191,0.0
161206,0.0
161262,0.0
161286,0.0
161366,0.0
161468,0.0
161676,0.0
161679,0.0
161759,0.0
161776,0.0
161821,0.0
161828,0.0
161831,0.0
161832,0.0
162000,0.0
162033,0.0
162084,0.0
162085,0.0
162087,1.0
162340,0.0
162365,0.0
162519,0.0
162582,0.0
162726,0.0
162737,0.0
162771,1.0
162856,0.0
162894,0.0
162964,0.0
163158,0.0
163172,0.0
163175,1.0
163185,0.0
163264,0.0
163357,0.0
163456,0.0
163485,1.0
163494,0.0
163633,0.0
163719,0.0
163809,0.0
163815,0.0
163818,0.0
164244,0.0
164277,0.0
164308,1.0
164317,0.0
164378,0.0
164392,0.0
164399,0.0
164416,0.0
164422,0.0
164447,0.0
164466,0.0
164651,0.0
164789,0.0
165016,0.0
165224,0.0
165240,0.0
165336,0.0
165537,0.0
165577,0.0
165600,0.0
165703,0.0
165791,0.0
165796,0.0
165801,0.0
165860,0.0
165869,0.0
165884,0.0
165891,0.0
165953,0.0
165990,0.0
166078,0.0
166178,0.0
166464,0.0
166496,0.0
166515,0.0
166603,0.0
166633,1.0
166667,0.0
166939,0.0
166943,0.0
167099,0.0
167143,0.0
167146,0.0
167391,0.0
167400,0.0
167443,0.0
167481,0.0
167697,0.0
167718,0.0
167771,0.0
167775,0.0
167924,0.0
167940,0.0
168012,0.0
168016,0.0
168112,0.0
168124,0.0
168210,0.0
168214,0.0
168257,0.0
168275,0.0
168344,0.0
168416,0.0
168463,0.0
168732,0.0
168779,0.0
168850,1.0
168942,0.0
168959,0.0
168975,0.0
169086,0.0
169109,0.0
169159,0.0
169230,0.0
169242,0.0
169281,0.0
169305,0.0
169315,0.0
169318,0.0
169352,0.0
169476,0.0
169485,0.0
169561,0.0
169642,0.0
169688,0.0
169730,0.0
169867,0.0
169894,0.0
169933,0.0
169983,0.0
170008,0.0
170026,0.0
170112,0.0
170136,0.0
170166,1.0
170210,0.0
170223,0.0
170258,0.0
170266,0.0
170467,0.0
170472,1.0
170481,0.0
170603,0.0
170659,0.0
170677,0.0
170681,0.0
170733,0.0
170789,0.0
170854,0.0
170885,0.0
171016,0.0
171032,0.0
171042,0.0
171133,0.0
171140,0.0
171157,0.0
171176,0.0
171317,0.0
171328,0.0
171344,0.0
171391,0.0
171526,0.0
171549,0.0
171563,0.0
171641,0.0
171658,0.0
171855,0.0
171973,0.0
171978,0.0
172057,0.0
172130,0.0
172170,0.0
172176,0.0
172236,0.0
172333,0.0
172341,0.0
172458,0.0
172511,0.0
172524,0.0
172545,0.0
172578,0.0
172692,0.0
172695,0.0
172707,0.0
172736,0.0
172793,0.0
172842,0.0
172846,0.0
172881,0.0
172973,0.0
173260,0.0
173376,0.0
173424,0.0
173449,0.0
173472,0.0
173514,0.0
173573,0.0
173644,0.0
173667,0.0
173713,0.0
173723,0.0
173727,0.0
173746,0.0
173752,0.0
173777,1.0
173894,0.0
173979,0.0
174003,0.0
174073,0.0
174133,0.0
174146,0.0
174169,0.0
174180,0.0
174206,0.0
174695,0.0
174823,0.0
174897,0.0
174912,0.0
174914,0.0
174921,0.0
174928,0.0
175011,0.0
175020,0.0
175034,0.0
175153,0.0
175197,0.0
175222,0.0
175296,1.0
175474,0.0
175483,0.0
175500,0.0
175521,0.0
175532,0.0
175567,0.0
175711,0.0
175741,0.0
175757,0.0
175928,0.0
175983,0.0
176029,0.0
176138,0.0
176156,0.0
176245,0.0
176380,0.0
176457,0.0
176527,0.0
176695,0.0
176729,0.0
176762,0.0
176844,0.0
176867,0.0
176981,0.0
177010,0.0
177027,0.0
177052,0.0
177085,0.0
177140,0.0
177311,0.0
177380,0.0
177473,0.0
177553,0.0
177558,1.0
177621,0.0
177656,0.0
177677,0.0
177680,0.0
177686,0.0
177734,0.0
177758,0.0
177803,0.0
177874,0.0
177886,0.0
177940,0.0
177956,0.0
178004,0.0
178007,0.0
178012,0.0
178222,0.0
178250,0.0
178251,0.0
178302,0.0
178320,0.0
178447,0.0
178448,0.0
178483,0.0
178508,0.0
178695,0.0
178700,0.0
178712,0.0
178812,0.0
178817,0.0
178821,0.0
178822,0.0
178905,1.0
178959,0.0
179088,0.0
179189,0.0
179197,0.0
179245,0.0
179322,0.0
179444,0.0
179449,0.0
179559,0.0
179663,0.0
179702,0.0
179726,0.0
179740,0.0
179869,0.0
179880,0.0
179932,0.0
179939,0.0
179946,0.0
179975,0.0
179997,1.0
180016,0.0
180038,0.0
180131,0.0
180175,0.0
180269,0.0
180429,0.0
180440,0.0
180507,0.0
180529,0.0
180573,0.0
180832,0.0
180865,0.0
180896,0.0
180908,1.0
181005,1.0
181056,0.0
181079,0.0
181132,0.0
181136,0.0
181164,0.0
181174,0.0
181212,0.0
181280,0.0
181535,0.0
181612,0.0
181648,0.0
181833,0.0
181837,0.0
181838,0.0
182068,0.0
182116,0.0
182148,0.0
182181,0.0
182186,0.0
182191,0.0
182192,0.0
182272,0.0
182275,0.0
182282,1.0
182328,0.0
182526,0.0
182563,0.0
182620,0.0
182658,0.0
182698,0.0
182732,0.0
182740,0.0
182790,0.0
182794,0.0
182901,1.0
182911,1.0
182971,0.0
183057,0.0
183068,0.0
183108,0.0
183159,0.0
183227,0.0
183234,1.0
183264,0.0
183277,0.0
183297,0.0
183315,0.0
183417,0.0
183471,0.0
183535,0.0
183587,0.0
183730,0.0
183871,0.0
183928,0.0
184005,0.0
184022,1.0
184025,0.0
184242,0.0
184244,0.0
184326,0.0
184464,0.0
184502,0.0
184503,0.0
184523,0.0
184578,0.0
184674,0.0
184768,0.0
184779,0.0
184797,0.0
184844,0.0
184934,0.0
184979,0.0
184992,0.0
185098,0.0
185113,0.0
185208,0.0
185271,0.0
185281,0.0
185343,0.0
185345,0.0
185383,0.0
185403,0.0
185452,0.0
185460,0.0
185537,0.0
185673,0.0
185817,0.0
185835,0.0
185940,0.0
186043,0.0
186106,0.0
186113,0.0
186141,0.0
186233,0.0
186317,0.0
186342,0.0
186424,0.0
186448,0.0
186751,0.0
186805,0.0
186991,0.0
187001,0.0
187035,0.0
187074,0.0
187099,0.0
187104,0.0
187148,0.0
187226,0.0
187327,0.0
187450,0.0
187569,0.0
187621,0.0
187719,0.0
187785,0.0
187849,0.0
187864,0.0
187867,0.0
187945,0.0
187958,0.0
187976,0.0
187992,0.0
188036,0.0
188072,0.0
188078,0.0
188082,0.0
188177,0.0
188183,0.0
188198,0.0
188215,0.0
188317,0.0
188383,0.0
188522,0.0
188587,0.0
188737,0.0
188780,0.0
188817,0.0
188878,0.0
188903,1.0
188906,0.0
188914,0.0
188957,0.0
189031,0.0
189106,0.0
189163,0.0
189233,0.0
189281,0.0
189344,0.0
189359,0.0
189362,0.0
189381,0.0
189383,0.0
189385,0.0
189429,0.0
189433,0.0
189473,0.0
189587,0.0
189606,0.0
189609,0.0
189623,0.0
189630,0.0
189765,0.0
189793,1.0
189825,0.0
189870,0.0
189887,0.0
189908,0.0
189967,0.0
190014,0.0
190015,0.0
190067,0.0
190101,0.0
190190,0.0
190242,0.0
190312,0.0
190328,0.0
190367,0.0
190457,0.0
190498,0.0
190540,0.0
190613,1.0
190667,0.0
190766,0.0
191044,1.0
191076,1.0
191151,0.0
191161,0.0
191175,0.0
191187,0.0
191208,0.0
191223,0.0
191241,0.0
191252,0.0
191296,0.0
191316,0.0
191378,0.0
191409,0.0
191599,0.0
191613,0.0
191625,1.0
191639,0.0
191753,0.0
191841,0.0
191865,0.0
191868,0.0
191883,0.0
191959,0.0
191984,1.0
192002,0.0
192012,0.0
192259,0.0
192268,0.0
192279,0.0
192570,0.0
192583,0.0
192678,0.0
192727,0.0
192862,0.0
192895,0.0
193012,0.0
193077,0.0
193097,0.0
193103,0.0
193115,0.0
193171,0.0
193222,0.0
193223,0.0
193229,0.0
193384,0.0
193421,0.0
193484,0.0
193575,0.0
193577,0.0
193667,0.0
193679,0.0
193756,0.0
193824,0.0
193997,0.0
194149,0.0
194177,0.0
194216,0.0
194253,0.0
194312,0.0
194336,0.0
194359,0.0
194395,0.0
194451,0.0
194507,0.0
194514,0.0
194570,0.0
194593,0.0
194642,0.0
194734,0.0
194762,0.0
194801,0.0
194807,0.0
194935,0.0
195054,0.0
195135,0.0
195218,0.0
195226,0.0
195263,0.0
195278,0.0
195288,0.0
195300,0.0
195325,0.0
195340,0.0
195351,0.0
195392,0.0
195394,0.0
195515,0.0
195529,0.0
195535,0.0
195610,0.0
195615,0.0
195695,0.0
195705,0.0
195776,0.0
195784,0.0
195786,0.0
195806,0.0
195824,0.0
195865,0.0
195945,0.0
195953,0.0
195956,0.0
195959,0.0
195967,0.0
195979,0.0
195994,0.0
196058,0.0
196349,0.0
196376,0.0
196380,0.0
196435,0.0
196550,0.0
196555,1.0
196719,1.0
196743,0.0
196751,0.0
196826,0.0
196989,0.0
197531,0.0
197611,0.0
197642,0.0
197711,0.0
197728,0.0
197795,0.0
197832,0.0
197867,0.0
197914,0.0
197925,0.0
197995,0.0
198004,0.0
198068,0.0
198101,0.0
198282,0.0
198309,0.0
198344,0.0
198484,0.0
198559,0.0
198600,0.0
198601,0.0
198672,0.0
198676,0.0
198702,0.0
198709,0.0
198737,0.0
198747,0.0
198788,0.0
198796,0.0
198806,0.0
198814,0.0
198824,0.0
198826,0.0
198960,0.0
199007,0.0
199037,0.0
199039,0.0
199138,0.0
199243,0.0
199322,1.0
199523,0.0
199759,0.0
199884,0.0
199908,0.0
199911,0.0
199920,0.0
199942,0.0
199973,0.0
199989,0.0
200092,1.0
200193,0.0
200198,0.0
200224,0.0
200236,0.0
200252,0.0
200463,1.0
200490,0.0
200492,0.0
200544,0.0
200597,0.0
200618,0.0
200628,0.0
200746,0.0
200750,0.0
200828,0.0
200973,0.0
200983,0.0
201063,0.0
201134,0.0
201203,0.0
201212,0.0
201346,0.0
201396,0.0
201414,0.0
201430,0.0
201477,0.0
201484,0.0
201494,1.0
201544,0.0
201593,0.0
201658,0.0
201762,0.0
201799,0.0
201873,0.0
201903,0.0
202051,0.0
202060,0.0
202062,0.0
202144,0.0
202358,0.0
202385,0.0
202422,0.0
202433,0.0
202434,0.0
202508,0.0
202511,0.0
202532,0.0
202636,0.0
202651,0.0
202782,0.0
202848,0.0
202896,0.0
202933,0.0
203158,0.0
203240,0.0
203380,0.0
203409,0.0
203414,0.0
203426,0.0
203450,0.0
203505,0.0
203535,0.0
203539,0.0
203549,0.0
203551,0.0
203556,0.0
203834,0.0
203872,0.0
203897,0.0
203917,0.0
203973,0.0
204034,0.0
204043,0.0
204060,0.0
204118,0.0
204127,0.0
204182,0.0
204243,0.0
204264,0.0
204284,0.0
204444,0.0
204606,0.0
204685,0.0
204744,1.0
204759,0.0
204856,0.0
204947,0.0
204953,0.0
205269,0.0
205298,0.0
205371,0.0
205454,0.0
205581,0.0
205599,0.0
205617,0.0
205645,0.0
205706,0.0
205841,0.0
205865,0.0
205877,0.0
205895,0.0
206004,0.0
206029,0.0
206049,0.0
206069,0.0
206136,0.0
206146,0.0
206159,0.0
206223,0.0
206343,0.0
206367,0.0
206401,0.0
206552,0.0
206567,1.0
206730,0.0
206789,0.0
206825,0.0
206836,0.0
206870,0.0
206871,0.0
207010,0.0
207055,1.0
207093,0.0
207174,0.0
207336,0.0
207392,1.0
207469,0.0
207480,0.0
207561,1.0
207563,0.0
207573,1.0
207611,0.0
207625,0.0
207688,0.0
207728,0.0
207730,0.0
207752,0.0
207777,0.0
207840,0.0
207918,0.0
207944,0.0
208069,0.0
208076,0.0
208079,0.0
208090,0.0
208111,0.0
208248,0.0
208283,0.0
208318,0.0
208439,0.0
208475,0.0
208494,0.0
208541,0.0
208547,0.0
208591,0.0
208691,0.0
208718,0.0
208725,0.0
208748,0.0
208784,0.0
208810,0.0
208895,0.0
208896,0.0
208902,0.0
208913,0.0
208925,0.0
208988,0.0
209028,0.0
209038,0.0
209336,0.0
209419,0.0
209545,0.0
209666,0.0
209713,0.0
209741,0.0
209794,0.0
210000,0.0
210027,0.0
210067,0.0
210113,0.0
210134,0.0
210204,0.0
210271,0.0
210350,0.0
210364,0.0
210547,0.0
210598,0.0
210627,0.0
210667,0.0
210840,0.0
210857,0.0
210925,1.0
210985,0.0
210990,0.0
211088,0.0
211100,0.0
211102,0.0
211112,0.0
211143,1.0
211203,0.0
211320,0.0
211331,0.0
211455,0.0
211488,0.0
211517,0.0
211521,0.0
211525,0.0
211559,0.0
211665,0.0
211729,0.0
211839,0.0
211926,0.0
211943,0.0
212181,0.0
212269,0.0
212279,0.0
212293,0.0
212355,0.0
212515,0.0
212523,0.0
212603,0.0
212637,0.0
212645,0.0
212666,0.0
212712,0.0
212713,0.0
212828,0.0
212835,0.0
212851,0.0
213015,0.0
213179,0.0
213318,0.0
213319,0.0
213369,0.0
213473,0.0
213568,0.0
213584,0.0
213590,0.0
213684,0.0
213719,0.0
213782,0.0
213818,0.0
213922,0.0
213971,0.0
214007,0.0
214029,0.0
214042,0.0
214049,0.0
214076,0.0
214096,0.0
214173,0.0
214185,0.0
214234,0.0
214370,0.0
214428,0.0
214474,0.0
214504,0.0
214575,0.0
214588,0.0
214740,0.0
214743,0.0
214803,0.0
214845,0.0
214874,0.0
214912,0.0
214985,0.0
215061,0.0
215065,0.0
215076,0.0
215133,0.0
215181,0.0
215224,0.0
215311,0.0
215323,0.0
215369,0.0
215407,0.0
215430,0.0
215495,0.0
215562,0.0
215602,0.0
215632,1.0
215649,0.0
215768,0.0
215788,0.0
215807,0.0
215821,0.0
215823,0.0
215895,0.0
215967,0.0
216018,0.0
216084,0.0
216111,0.0
216115,0.0
216146,1.0
216223,0.0
216397,0.0
216455,0.0
216531,0.0
216545,0.0
216577,0.0
216626,0.0
216689,0.0
216707,0.0
216731,0.0
216769,0.0
216784,0.0
216823,0.0
216896,0.0
216958,0.0
216981,0.0
217019,0.0
217028,0.0
217067,0.0
217196,0.0
217271,0.0
217329,0.0
217330,0.0
217449,0.0
217475,0.0
217479,0.0
217509,0.0
217544,0.0
217568,0.0
217642,0.0
217808,0.0
217888,0.0
217891,0.0
217928,0.0
217977,1.0
217987,0.0
218006,0.0
218038,0.0
218076,0.0
218151,0.0
218154,1.0
218264,0.0
218283,0.0
218308,0.0
218379,0.0
218432,0.0
218497,0.0
218508,0.0
218518,0.0
218538,0.0
218544,0.0
218600,0.0
218604,0.0
218608,0.0
218621,0.0
218742,0.0
218892,0.0
218899,0.0
218907,0.0
218937,0.0
219005,0.0
219009,1.0
219087,0.0
219144,0.0
219193,0.0
219221,0.0
219269,0.0
219291,0.0
219392,0.0
219401,0.0
219407,0.0
219419,0.0
219466,1.0
219476,0.0
219521,0.0
219549,0.0
219562,0.0
219601,0.0
219616,0.0
219728,0.0
219787,0.0
219794,0.0
219862,0.0
219887,0.0
219974,0.0
220014,0.0
220067,0.0
220159,0.0
220280,0.0
220413,0.0
220450,0.0
220514,0.0
221007,0.0
221117,0.0
221234,0.0
221244,0.0
221250,0.0
221401,0.0
221427,0.0
221576,0.0
221729,0.0
221750,0.0
221761,0.0
221796,0.0
221800,0.0
221967,0.0
221971,0.0
221977,0.0
222167,0.0
222171,0.0
222181,0.0
222246,1.0
222250,0.0
222257,0.0
222274,0.0
222334,0.0
222354,0.0
222392,0.0
222476,0.0
222554,0.0
222573,0.0
222634,0.0
222739,1.0
222780,0.0
222824,0.0
222838,0.0
222865,0.0
222866,0.0
222903,0.0
222996,0.0
223032,0.0
223036,0.0
223042,0.0
223082,0.0
223151,0.0
223243,0.0
223268,0.0
223289,0.0
223311,0.0
223365,0.0
223485,0.0
223545,0.0
223588,0.0
223645,0.0
223692,0.0
223854,0.0
223876,0.0
224204,0.0
224215,0.0
224229,0.0
224230,0.0
224242,0.0
224307,0.0
224320,0.0
224341,0.0
224365,0.0
224423,0.0
224466,0.0
224490,0.0
224599,0.0
224660,0.0
224759,0.0
224784,0.0
224878,0.0
224958,0.0
225051,0.0
225063,0.0
225106,0.0
225183,0.0
225204,0.0
225211,0.0
225357,0.0
225427,0.0
225449,0.0
225524,0.0
225647,0.0
225652,0.0
225750,0.0
225768,0.0
225774,0.0
225802,0.0
225822,0.0
225890,0.0
225924,0.0
226008,0.0
226246,1.0
226312,0.0
226318,0.0
226320,0.0
226398,0.0
226429,0.0
226464,0.0
226467,0.0
226483,0.0
226589,0.0
226619,0.0
226767,0.0
226811,0.0
226853,0.0
226945,0.0
226956,1.0
227022,0.0
227088,0.0
227177,0.0
227184,0.0
227393,0.0
227487,0.0
227560,0.0
227700,0.0
227710,0.0
227713,0.0
227743,0.0
227756,0.0
227773,0.0
227846,0.0
227886,0.0
228039,0.0
228130,0.0
228217,0.0
228384,0.0
228543,0.0
228693,0.0
228762,0.0
228790,0.0
228936,0.0
228939,0.0
228949,0.0
228969,0.0
229008,0.0
229093,0.0
229131,0.0
229241,0.0
229312,0.0
229428,0.0
229470,0.0
229489,0.0
229541,0.0
229586,0.0
229589,0.0
229708,0.0
229747,0.0
229946,0.0
229970,0.0
229990,0.0
230054,0.0
230083,0.0
230162,0.0
230203,0.0
230364,0.0
230432,0.0
230440,0.0
230460,0.0
230547,0.0
230551,0.0
230563,0.0
230587,0.0
230722,1.0
230764,0.0
230765,0.0
230895,0.0
230979,0.0
230997,0.0
231020,0.0
231026,0.0
231032,0.0
231219,0.0
231241,0.0
231322,0.0
231469,0.0
231483,0.0
231552,0.0
231591,0.0
231847,0.0
231911,0.0
232022,0.0
232078,0.0
232106,0.0
232148,0.0
232161,0.0
232236,1.0
232241,0.0
232283,0.0
232356,0.0
232448,0.0
232461,0.0
232491,0.0
232542,0.0
232573,0.0
232600,0.0
232663,0.0
232706,0.0
232837,0.0
232860,0.0
232891,0.0
232910,0.0
232935,0.0
232968,0.0
233076,0.0
233124,0.0
233173,1.0
233197,0.0
233283,0.0
233337,0.0
233357,0.0
233385,0.0
233387,0.0
233414,0.0
233434,0.0
233493,0.0
233563,0.0
233669,0.0
233683,0.0
233710,0.0
233745,0.0
233766,0.0
233775,0.0
233817,0.0
233821,0.0
233941,0.0
233945,0.0
233960,0.0
233973,0.0
234020,0.0
234074,0.0
234077,0.0
234094,0.0
234123,0.0
234170,0.0
234190,0.0
234228,0.0
234239,0.0
234292,0.0
234360,0.0
234462,0.0
234530,0.0
234591,0.0
234667,0.0
234744,0.0
234747,0.0
234756,0.0
234777,0.0
234811,0.0
234818,0.0
234825,0.0
234871,0.0
235025,0.0
235053,0.0
235055,1.0
235075,1.0
235207,0.0
235250,0.0
235339,0.0
235717,0.0
235727,0.0
235746,0.0
235800,0.0
235845,0.0
235880,0.0
235895,0.0
235944,0.0
236049,0.0
236052,0.0
236053,0.0
236097,0.0
236118,0.0
236143,0.0
236158,0.0
236187,0.0
236258,0.0
236291,0.0
236325,0.0
236353,0.0
236357,0.0
236441,0.0
236601,0.0
236618,0.0
236680,0.0
236723,0.0
236752,0.0
236887,0.0
236911,0.0
236914,1.0
236962,0.0
237004,0.0
237184,0.0
237196,0.0
237263,0.0
237313,0.0
237372,0.0
237383,0.0
237503,0.0
237611,0.0
237615,0.0
237694,0.0
237711,0.0
237752,0.0
237803,0.0
237833,0.0
237916,0.0
237932,0.0
237937,0.0
237981,0.0
238005,0.0
238023,0.0
238031,0.0
238045,0.0
238111,0.0
238114,0.0
238181,0.0
238198,0.0
238199,0.0
238304,0.0
238421,0.0
238514,0.0
238527,0.0
238560,0.0
238625,0.0
238628,0.0
238638,0.0
238672,0.0
238776,0.0
238806,0.0
238857,0.0
238890,0.0
238891,0.0
238974,0.0
239010,0.0
239017,0.0
239212,0.0
239342,0.0
239345,0.0
239361,0.0
239395,0.0
239474,0.0
239537,0.0
239658,0.0
239660,0.0
239663,0.0
239680,0.0
239771,0.0
239824,0.0
239917,0.0
239929,0.0
239966,0.0
240102,0.0
240197,0.0
240210,0.0
240386,0.0
240480,0.0
240571,0.0
240604,0.0
240605,0.0
240613,0.0
240695,0.0
240742,0.0
240889,0.0
240902,0.0
241013,0.0
241133,0.0
241145,0.0
241219,0.0
241256,0.0
241318,0.0
241346,0.0
241370,0.0
241385,0.0
241441,1.0
241486,0.0
241530,0.0
241617,0.0
241695,0.0
241709,0.0
241740,0.0
241816,0.0
241832,0.0
241952,0.0
241984,0.0
242036,0.0
242110,0.0
242166,0.0
242215,0.0
242217,0.0
242345,0.0
242430,0.0
242443,0.0
242457,0.0
242464,0.0
242494,0.0
242560,0.0
242657,0.0
242665,0.0
242767,0.0
242912,0.0
242931,1.0
243136,0.0
243282,0.0
243329,0.0
243354,0.0
243368,0.0
243409,0.0
243472,0.0
243553,0.0
243555,0.0
243592,0.0
243594,0.0
243665,0.0
243677,0.0
243901,0.0
243946,0.0
243962,0.0
243966,0.0
243972,0.0
244032,1.0
244063,0.0
244169,0.0
244208,0.0
244210,0.0
244272,0.0
244290,0.0
244325,0.0
244326,0.0
244482,0.0
244651,0.0
244706,1.0
244787,0.0
244909,0.0
244927,0.0
244936,0.0
244956,0.0
245022,0.0
245029,0.0
245078,0.0
245272,0.0
245335,0.0
245418,0.0
245445,0.0
245720,0.0
245799,0.0
246511,0.0
246580,0.0
246585,0.0
246657,0.0
246795,0.0
246804,0.0
246822,0.0
246838,0.0
246861,0.0
246913,0.0
247040,0.0
247048,0.0
247086,0.0
247283,0.0
247407,0.0
247489,0.0
247555,0.0
247576,0.0
247579,0.0
247690,0.0
247922,0.0
247923,0.0
248040,0.0
248166,0.0
248241,0.0
248401,1.0
248504,0.0
248593,0.0
248785,0.0
248891,0.0
248936,0.0
248955,0.0
249129,0.0
249279,0.0
249923,0.0
250169,0.0
250183,0.0
250269,0.0
250445,1.0
250986,0.0
251462,1.0
251556,0.0
251615,0.0
251694,0.0
251771,0.0
251779,0.0
251991,0.0
251994,0.0
252126,0.0
252137,0.0
252153,0.0
252404,0.0
252572,0.0
252626,0.0
252670,0.0
252706,0.0
252752,0.0
252778,0.0
252849,0.0
253403,0.0
253425,0.0
253485,0.0
253650,0.0
253686,0.0
253813,0.0
254028,0.0
254166,0.0
254206,0.0
254221,0.0
254316,0.0
254449,0.0
254661,0.0
254687,0.0
254715,0.0
254820,0.0
254821,0.0
254830,0.0
254848,0.0
254880,0.0
255038,0.0
255084,0.0
255205,0.0
255466,0.0
255560,0.0
255632,0.0
255732,0.0
255771,0.0
255807,0.0
255883,0.0
255889,0.0
255962,0.0
256047,0.0
256050,0.0
256117,0.0
256153,0.0
256162,0.0
256241,0.0
256249,0.0
256311,0.0
256320,0.0
256342,0.0
256346,0.0
256348,0.0
256352,0.0
256359,0.0
256364,0.0
256431,0.0
256570,0.0
256738,0.0
256786,0.0
256788,0.0
256821,0.0
256861,0.0
256874,0.0
256970,0.0
257841,0.0
257901,0.0
257927,0.0
258051,0.0
258168,0.0
258378,0.0
258455,0.0
258574,0.0
258608,0.0
258646,0.0
258727,0.0
258884,0.0
258935,0.0
258987,0.0
259116,0.0
259345,0.0
259388,0.0
259392,0.0
259496,0.0
259497,0.0
259553,0.0
259572,0.0
259662,0.0
259762,0.0
259944,0.0
259997,0.0
260055,0.0
260483,0.0
260613,0.0
260707,0.0
260871,0.0
261031,0.0
261096,0.0
261453,0.0
261595,0.0
261663,0.0
261726,0.0
261945,0.0
261969,0.0
261987,0.0
262070,0.0
262245,0.0
262862,0.0
263079,0.0
263193,0.0
263266,0.0
263283,0.0
263413,0.0
263421,0.0
263700,0.0
263943,0.0
264319,0.0
264347,0.0
264348,1.0
268002,0.0
268012,0.0
268295,0.0
268302,0.0
268341,0.0
268472,0.0
268717,0.0
268903,0.0
268965,0.0
269184,0.0
269233,0.0
269300,0.0
269339,0.0
269347,0.0
269362,0.0
269455,0.0
269525,0.0
269528,0.0
269544,0.0
269599,0.0
269603,0.0
269654,0.0
269749,0.0
269777,0.0
269778,0.0
269845,0.0
269868,0.0
270012,0.0
270055,0.0
270385,0.0
270478,0.0
271037,0.0
271386,0.0
273113,0.0
273241,0.0
273363,1.0
273767,0.0
273781,0.0
273979,0.0
274281,0.0
274505,0.0
274591,0.0
274621,0.0
274674,0.0
274711,0.0
274823,0.0
278324,0.0
279894,0.0
283119,0.0
284615,0.0
285163,0.0
287156,0.0
287302,0.0
288693,0.0
289098,0.0
289566,0.0
289797,0.0
290262,0.0
290638,0.0
290665,0.0
290698,0.0
291511,0.0
292116,0.0
292206,0.0
292244,0.0
292268,0.0
292429,0.0
293249,0.0
294629,0.0
295157,0.0
296092,0.0
297783,0.0
297964,0.0
298085,0.0
298980,0.0
299233,0.0
299247,0.0
300170,0.0
300178,0.0
300260,0.0
300366,0.0
300538,0.0
301725,0.0
301780,0.0
301953,0.0
302020,1.0
302069,0.0
302119,0.0
302329,0.0
302361,0.0
302411,0.0
302413,0.0
302439,0.0
302458,0.0
302526,0.0
302555,0.0
302617,0.0
302723,0.0
302812,0.0
303032,0.0
303114,0.0
303119,0.0
303126,0.0
303430,0.0
303544,0.0
303638,0.0
303721,0.0
303776,0.0
304013,0.0
304053,0.0
305184,0.0
305660,0.0
306367,0.0
307605,0.0
308142,0.0
308604,0.0
309019,0.0
310733,0.0
310977,0.0
311568,0.0
312329,0.0
313982,0.0
314005,0.0
314267,0.0
314403,0.0
314467,0.0
314671,0.0
314746,0.0
314809,0.0
314866,0.0
314868,0.0
314987,0.0
315041,0.0
315044,0.0
316497,0.0
316531,0.0
316633,0.0
316852,0.0
316917,0.0
317073,0.0
317138,1.0
317184,0.0
317424,0.0
317481,0.0
317701,0.0
317719,0.0
317834,0.0
318012,0.0
318036,0.0
318098,0.0
318164,0.0
318297,0.0
318572,0.0
318601,0.0
318632,0.0
318787,0.0
318804,0.0
318990,0.0
319154,0.0
319362,0.0
319374,0.0
319485,0.0
319496,0.0
319625,0.0
320043,0.0
320100,0.0
320125,0.0
320419,1.0
320482,0.0
320519,0.0
320585,0.0
320819,0.0
320847,0.0
320947,0.0
321190,0.0
321290,0.0
321324,0.0
321341,0.0
321363,0.0
321374,0.0
321407,0.0
321430,0.0
321450,0.0
321482,0.0
321489,0.0
321503,0.0
321514,0.0
321544,0.0
321548,0.0
321573,0.0
321765,0.0
321830,0.0
321975,0.0
322226,0.0
322458,0.0
322585,0.0
322731,0.0
322843,0.0
323044,1.0
323274,0.0
323435,0.0
323458,0.0
323642,0.0
324078,0.0
324337,0.0
324458,0.0
324488,0.0
324573,0.0
324612,0.0
324786,0.0
324864,0.0
324911,0.0
324932,0.0
324949,0.0
324986,0.0
325093,0.0
325119,0.0
325148,0.0
325180,0.0
325199,0.0
325234,0.0
325267,0.0
325289,0.0
325600,0.0
325766,0.0
325872,0.0
325906,0.0
325951,0.0
326002,0.0
326006,0.0
326039,0.0
326398,0.0
326442,0.0
326463,1.0
326614,0.0
326665,0.0
326701,0.0
326735,1.0
326769,0.0
326773,0.0
326817,0.0
326899,0.0
327060,0.0
327591,0.0
327766,0.0
327840,0.0
327849,0.0
327851,0.0
328001,0.0
328011,0.0
328025,0.0
328087,0.0
328124,0.0
328208,0.0
328243,0.0
328547,0.0
328757,0.0
328764,0.0
329232,0.0
329239,0.0
329286,0.0
329307,0.0
329469,0.0
329525,1.0
329571,0.0
329657,0.0
329659,0.0
329710,0.0
329840,0.0
329869,0.0
329873,0.0
329940,0.0
330483,0.0
330572,0.0
330638,0.0
330663,0.0
330837,0.0
330887,0.0
330905,0.0
330953,0.0
330964,0.0
330978,0.0
331104,0.0
331241,0.0
331283,0.0
331373,0.0
331394,0.0
331414,0.0
331451,0.0
331883,0.0
331954,0.0
332155,0.0
332162,1.0
332253,0.0
332643,0.0
332666,0.0
332811,0.0
332920,0.0
333124,0.0
333432,0.0
333675,0.0
333996,0.0
334016,0.0
334098,0.0
334155,0.0
334170,0.0
334229,0.0
334238,0.0
334325,1.0
334330,0.0
334665,0.0
334676,0.0
334915,0.0
334986,0.0
335004,0.0
335021,0.0
335362,0.0
335384,0.0
335723,0.0
335757,0.0
335786,0.0
335792,0.0
335915,0.0
335929,0.0
335971,0.0
336028,0.0
336084,0.0
336096,0.0
336312,0.0
336382,0.0
336488,0.0
336733,0.0
336809,0.0
336876,0.0
337179,0.0
337250,1.0
337402,0.0
337531,0.0
337562,0.0
337604,0.0
337649,0.0
337697,0.0
337988,0.0
338021,0.0
338183,0.0
338243,0.0
338616,0.0
338865,0.0
338941,0.0
338984,0.0
339318,0.0
339351,0.0
339455,0.0
339557,0.0
339591,0.0
339624,0.0
339925,0.0
340034,0.0
340100,0.0
340161,0.0
340326,0.0
340436,0.0
340677,0.0
340772,0.0
340867,0.0
340902,0.0
341203,0.0
341399,0.0
341581,0.0
341600,0.0
341701,0.0
341853,0.0
341956,0.0
342034,0.0
342578,0.0
342718,0.0
343059,0.0
343142,0.0
343343,1.0
343347,0.0
343504,0.0
343559,0.0
343617,0.0
343619,0.0
343627,0.0
343828,0.0
343934,0.0
344079,0.0
344166,0.0
344277,0.0
344482,0.0
344542,0.0
344582,0.0
344613,0.0
344639,0.0
344691,0.0
344708,0.0
344972,0.0
345000,0.0
345034,0.0
345074,0.0
345120,0.0
345139,0.0
345186,0.0
345212,0.0
345213,0.0
345214,0.0
345320,0.0
345367,0.0
345558,0.0
345574,0.0
345667,0.0
345697,0.0
345701,0.0
345721,0.0
345725,0.0
345748,0.0
345776,0.0
345858,0.0
345906,0.0
345929,0.0
346003,0.0
346024,0.0
346373,0.0
346482,0.0
346487,1.0
346535,0.0
346567,1.0
346569,0.0
346590,0.0
346607,0.0
346664,1.0
346719,0.0
346737,0.0
347058,0.0
347059,0.0
347237,0.0
347265,0.0
347662,0.0
347809,0.0
347840,0.0
347903,0.0
347910,0.0
348065,1.0
348117,0.0
348129,0.0
348147,0.0
348189,0.0
348241,1.0
348367,0.0
348395,0.0
348423,0.0
348425,0.0
348486,0.0
348536,0.0
348538,0.0
348588,0.0
348728,0.0
349232,0.0
349358,0.0
349380,0.0
349530,0.0
349543,0.0
349561,0.0
349578,0.0
349672,0.0
349673,0.0
349680,1.0
349731,1.0
349861,0.0
349942,0.0
350131,0.0
350141,0.0
350302,0.0
350400,0.0
350531,0.0
350535,0.0
350662,0.0
350683,0.0
350834,0.0
350899,1.0
350942,0.0
350981,0.0
350996,0.0
351042,0.0
351189,0.0
351498,0.0
351521,0.0
351551,0.0
351923,0.0
352083,0.0
352202,0.0
352254,0.0
352445,0.0
352512,0.0
352699,0.0
352732,0.0
352738,0.0
352751,0.0
352949,0.0
352954,0.0
352957,0.0
352962,0.0
353052,0.0
353115,0.0
353134,0.0
353139,1.0
353156,0.0
353213,0.0
353245,0.0
353290,0.0
353372,0.0
353470,0.0
353566,0.0
353751,0.0
353752,0.0
353758,0.0
353812,0.0
353856,0.0
353922,0.0
354293,0.0
354303,0.0
354487,0.0
354507,0.0
354567,0.0
354706,0.0
354712,0.0
354759,0.0
354954,0.0
355043,0.0
355262,0.0
355448,0.0
355476,0.0
355678,0.0
355688,0.0
355785,0.0
355810,0.0
355818,0.0
355865,0.0
355942,0.0
356028,1.0
356042,0.0
356045,0.0
356080,0.0
356105,0.0
356167,0.0
356489,0.0
356568,0.0
356615,0.0
356633,0.0
356666,0.0
356800,0.0
356954,0.0
356998,0.0
357030,0.0
357330,1.0
357411,0.0
357424,0.0
357491,0.0
357495,0.0
357496,0.0
357588,0.0
357597,0.0
357739,0.0
357773,0.0
357826,0.0
357856,0.0
357884,0.0
357914,0.0
358094,0.0
358181,0.0
358251,0.0
358294,0.0
358326,0.0
358371,0.0
358382,1.0
358442,0.0
358635,0.0
359039,0.0
359055,0.0
359137,0.0
359164,0.0
359180,0.0
359218,0.0
359238,0.0
359251,0.0
359317,0.0
359363,0.0
359394,0.0
359691,0.0
359807,0.0
359851,0.0
359911,0.0
359944,0.0
360013,0.0
360376,0.0
360451,0.0
360458,0.0
360713,0.0
360806,0.0
360905,0.0
361024,0.0
361274,0.0
361429,0.0
361430,0.0
361465,0.0
361677,0.0
361714,0.0
361778,0.0
361813,0.0
361900,0.0
362637,0.0
362708,0.0
362771,0.0
363131,0.0
363179,0.0
363210,0.0
363213,0.0
363283,0.0
363336,0.0
363370,0.0
363476,0.0
363598,0.0
363810,0.0
363867,0.0
363931,0.0
363976,0.0
364181,0.0
364241,0.0
364245,0.0
364310,0.0
364347,0.0
364402,0.0
364488,0.0
364674,0.0
364744,0.0
364768,0.0
364777,0.0
365174,0.0
365286,0.0
365486,0.0
365579,0.0
365596,0.0
365658,0.0
365906,0.0
366057,0.0
366108,0.0
366157,0.0
366179,0.0
366213,0.0
366368,0.0
366447,0.0
366563,0.0
366818,0.0
366895,0.0
366942,0.0
366960,0.0
367029,0.0
367071,0.0
367151,1.0
367306,0.0
367329,0.0
367599,0.0
367723,0.0
367744,0.0
368056,0.0
368247,0.0
368509,0.0
368703,0.0
368733,0.0
368819,0.0
369022,0.0
369054,0.0
369224,0.0
369266,0.0
369431,0.0
369432,0.0
369483,0.0
369547,0.0
370027,0.0
370040,1.0
370050,0.0
370152,0.0
370220,0.0
370302,0.0
370433,0.0
370611,0.0
370652,0.0
371058,0.0
371137,0.0
371262,0.0
371270,0.0
371326,0.0
371372,0.0
371373,0.0
371397,1.0
371406,0.0
371473,0.0
371524,0.0
371570,0.0
371689,1.0
371773,0.0
371794,0.0
371814,0.0
371894,0.0
372065,0.0
372121,0.0
372170,0.0
372333,0.0
372425,0.0
372465,0.0
372466,0.0
372507,0.0
372550,0.0
372607,0.0
372671,0.0
372876,0.0
372942,0.0
372997,0.0
373103,0.0
373114,0.0
373117,0.0
373269,0.0
373305,0.0
373419,0.0
373568,0.0
373661,0.0
373691,0.0
373720,0.0
373767,0.0
374049,0.0
374051,0.0
374151,0.0
374158,0.0
374224,0.0
374400,0.0
374411,0.0
374571,0.0
374585,0.0
374693,0.0
374862,1.0
375008,0.0
375030,0.0
375130,1.0
375538,0.0
375620,0.0
375744,0.0
375853,0.0
375868,0.0
375873,0.0
375908,0.0
375912,0.0
375959,0.0
376239,0.0
376270,0.0
376378,0.0
376390,0.0
376394,0.0
376523,0.0
376678,0.0
376719,0.0
376726,0.0
377486,0.0
377528,0.0
377540,0.0
377707,0.0
377871,0.0
377949,0.0
377986,0.0
378062,0.0
378121,0.0
378203,0.0
378579,0.0
378690,0.0
379114,0.0
379126,0.0
379174,0.0
379189,0.0
379298,0.0
379436,0.0
380423,0.0
380525,0.0
380531,0.0
380603,0.0
380711,0.0
381222,1.0
381323,0.0
381342,0.0
381501,0.0
381618,0.0
381634,0.0
381787,0.0
381827,0.0
381833,0.0
381866,0.0
382007,0.0
382048,0.0
382051,0.0
382069,0.0
382102,0.0
382188,1.0
382291,0.0
382360,0.0
382389,0.0
382625,0.0
382818,0.0
382906,0.0
382989,0.0
382993,0.0
383009,0.0
383013,0.0
383112,0.0
383221,0.0
383285,1.0
383286,0.0
383310,0.0
383442,0.0
383496,0.0
383842,0.0
383896,0.0
383951,0.0
384208,0.0
384419,0.0
384425,0.0
384485,0.0
384493,0.0
384572,0.0
384748,0.0
384782,0.0
384819,0.0
384845,0.0
384954,0.0
384997,0.0
385210,0.0
385348,0.0
385367,0.0
385649,0.0
385797,0.0
385893,0.0
385896,0.0
385933,0.0
386124,0.0
386169,0.0
386218,0.0
386279,0.0
386501,0.0
386540,0.0
386559,0.0
386574,0.0
386594,0.0
386723,0.0
386806,0.0
386808,0.0
386885,0.0
386939,0.0
387012,0.0
387175,0.0
387366,0.0
387377,0.0
387420,0.0
387471,0.0
387540,0.0
387545,0.0
387569,0.0
387587,0.0
387594,0.0
387633,0.0
387648,0.0
387653,1.0
387684,0.0
387742,0.0
388219,0.0
388370,0.0
388636,0.0
388690,0.0
388852,0.0
389042,0.0
389080,0.0
389111,0.0
389123,0.0
389177,0.0
389544,0.0
389551,0.0
389881,0.0
390026,1.0
390249,0.0
390288,0.0
390297,0.0
390349,0.0
390474,0.0
390482,0.0
390652,0.0
390894,0.0
390979,0.0
391112,0.0
391121,0.0
391383,0.0
391414,0.0
391417,0.0
391483,0.0
391486,0.0
391505,0.0
391508,0.0
391510,0.0
391678,0.0
391797,0.0
391920,0.0
392148,0.0
392248,0.0
392277,0.0
392285,0.0
392303,0.0
392502,0.0
392509,0.0
392529,0.0
392556,0.0
392690,0.0
392736,0.0
392844,0.0
393040,0.0
393042,0.0
393071,0.0
393122,0.0
393261,0.0
393264,0.0
393289,0.0
393296,0.0
393304,0.0
393625,0.0
393802,0.0
393829,0.0
394147,0.0
394155,0.0
394304,0.0
394432,0.0
394440,0.0
394590,0.0
394596,0.0
394607,0.0
394815,0.0
394865,0.0
394979,0.0
395820,0.0
395883,0.0
396056,0.0
396111,0.0
396138,0.0
396161,0.0
396192,0.0
396226,0.0
396253,0.0
396346,0.0
396497,0.0
396553,0.0
396633,0.0
396841,0.0
396913,1.0
396980,0.0
397036,0.0
397144,1.0
397274,0.0
397443,0.0
397517,0.0
397651,0.0
397708,0.0
397803,0.0
398054,0.0
398064,0.0
398073,0.0
398153,0.0
398154,0.0
398183,0.0
398217,0.0
398314,0.0
398433,0.0
398437,0.0
398721,0.0
398770,1.0
398800,0.0
398822,0.0
398894,0.0
398979,0.0
399412,0.0
399694,0.0
399992,0.0
400051,1.0
400191,0.0
400193,0.0
400349,0.0
400436,0.0
400700,0.0
401002,0.0
401034,0.0
401259,0.0
401524,0.0
401527,0.0
401614,0.0
402082,0.0
402309,0.0
402321,0.0
402329,0.0
402341,0.0
402361,0.0
402388,1.0
402490,0.0
402906,0.0
402974,0.0
403257,0.0
403366,0.0
403579,0.0
403650,0.0
403792,0.0
403885,0.0
403898,0.0
403914,0.0
404405,0.0
404438,0.0
404468,0.0
404642,0.0
404882,0.0
404890,0.0
404925,0.0
404980,0.0
405202,0.0
405221,0.0
405258,0.0
405339,0.0
405399,0.0
405425,0.0
405433,0.0
405507,0.0
405565,0.0
405754,0.0
405789,0.0
405831,0.0
405895,0.0
405909,0.0
405939,0.0
406013,0.0
406072,0.0
406111,0.0
406200,0.0
406204,0.0
406276,0.0
406500,0.0
406515,0.0
406528,0.0
406688,0.0
406959,0.0
407087,0.0
407126,0.0
407164,0.0
407224,0.0
407265,0.0
407317,0.0
407365,0.0
407511,0.0
407518,0.0
407584,0.0
407653,0.0
407782,0.0
407820,1.0
407885,0.0
408004,0.0
408038,0.0
408182,0.0
408501,0.0
408984,0.0
409398,0.0
410346,0.0
410435,0.0
410546,1.0
410824,0.0
410987,0.0
411065,0.0
411213,0.0
411218,0.0
411264,0.0
411463,0.0
411508,0.0
411752,0.0
411774,0.0
411867,0.0
411924,0.0
411932,0.0
411954,0.0
412085,0.0
412140,0.0
412284,0.0
412371,0.0
412384,1.0
412391,0.0
412540,0.0
412601,0.0
412801,0.0
412852,0.0
413038,1.0
413159,0.0
413395,0.0
413549,0.0
413586,0.0
413782,0.0
413858,0.0
413969,0.0
414161,0.0
414428,0.0
414466,0.0
414557,0.0
414611,0.0
414631,0.0
414637,0.0
414691,1.0
415029,0.0
415048,0.0
415195,0.0
415224,0.0
415427,0.0
415730,0.0
415958,0.0
416073,0.0
416107,0.0
416213,0.0
416255,0.0
416528,0.0
416679,0.0
416708,0.0
416810,0.0
416832,0.0
417021,0.0
417123,0.0
417145,0.0
417425,0.0
417541,0.0
417664,0.0
417854,0.0
417873,0.0
417966,0.0
417982,0.0
417994,0.0
418041,0.0
418063,0.0
418073,0.0
418358,0.0
418558,0.0
418999,0.0
419003,0.0
419024,0.0
419083,0.0
419086,0.0
419101,0.0
419134,0.0
419425,0.0
419442,0.0
419594,0.0
419785,0.0
419853,0.0
419893,0.0
419902,0.0
419910,0.0
419959,0.0
419966,0.0
420103,0.0
420231,0.0
420407,0.0
420441,0.0
420447,0.0
420605,0.0
420625,0.0
420659,0.0
420661,0.0
420692,0.0
420806,0.0
420919,0.0
421012,0.0
421073,0.0
421168,0.0
421349,0.0
421372,0.0
421420,0.0
421529,0.0
421534,0.0
421731,0.0
421756,0.0
421866,0.0
421868,0.0
421877,0.0
422008,0.0
422249,0.0
422793,0.0
423272,0.0
423356,0.0
423424,0.0
423428,0.0
423475,0.0
423507,0.0
423533,0.0
423541,0.0
423557,0.0
423654,0.0
423804,0.0
423894,0.0
423911,0.0
423914,0.0
424172,0.0
424197,0.0
424572,1.0
424577,1.0
424591,0.0
424664,0.0
424702,1.0
424703,0.0
424768,0.0
425107,0.0
425137,0.0
425144,1.0
425149,0.0
425786,0.0
425796,0.0
425832,0.0
426076,0.0
426242,0.0
426514,0.0
426518,0.0
426749,0.0
426961,0.0
427218,0.0
427231,0.0
427295,0.0
427403,0.0
427436,0.0
427484,0.0
427805,0.0
427948,0.0
428034,0.0
428132,0.0
428282,0.0
428329,0.0
428391,1.0
428398,1.0
428419,0.0
428598,0.0
428839,0.0
428901,1.0
429061,0.0
429179,0.0
429224,0.0
429251,0.0
429710,0.0
429756,0.0
429802,0.0
430038,1.0
430238,1.0
430271,0.0
430275,0.0
430292,0.0
430295,0.0
430316,0.0
430341,0.0
430371,0.0
430376,0.0
430387,0.0
430403,0.0
430407,0.0
430488,0.0
430550,0.0
430564,0.0
430595,0.0
430850,0.0
431000,0.0
431017,0.0
431038,0.0
431262,0.0
431431,0.0
431513,1.0
431590,0.0
431723,0.0
431738,0.0
431819,0.0
431847,0.0
431876,0.0
431903,0.0
431905,0.0
432020,0.0
432113,0.0
432175,0.0
432280,0.0
432358,0.0
432374,0.0
432436,0.0
432627,0.0
432671,1.0
432703,0.0
432796,0.0
432935,0.0
432997,0.0
433284,0.0
433828,0.0
433855,1.0
433856,0.0
433869,0.0
433881,0.0
434147,0.0
434192,0.0
434312,0.0
434373,0.0
434555,0.0
434571,0.0
434692,0.0
434850,1.0
434881,0.0
435350,0.0
435873,0.0
436092,0.0
436177,0.0
436207,0.0
436391,0.0
436438,0.0
436500,0.0
436578,0.0
436593,0.0
436963,0.0
436977,0.0
437090,0.0
437477,0.0
437522,0.0
437541,0.0
437623,0.0
437668,0.0
437887,0.0
437978,0.0
438140,0.0
438158,0.0
438180,0.0
438310,0.0
438382,0.0
438462,0.0
438569,0.0
438625,0.0
438761,0.0
438763,0.0
438765,0.0
438772,0.0
439041,0.0
439164,0.0
439279,0.0
439285,0.0
439326,0.0
439461,0.0
439491,1.0
439501,0.0
439532,0.0
439554,0.0
439733,0.0
440034,0.0
440121,0.0
440222,0.0
440260,0.0
440293,0.0
440302,0.0
440310,0.0
440425,0.0
440721,0.0
440798,0.0
440805,0.0
441071,0.0
441102,0.0
441195,0.0
441209,0.0
441282,0.0
441462,0.0
441513,0.0
441598,0.0
441666,0.0
442006,0.0
442284,0.0
442311,0.0
442326,0.0
442336,0.0
442354,0.0
442457,0.0
442486,0.0
442680,0.0
442774,0.0
442970,0.0
442987,0.0
443094,0.0
443188,1.0
443373,0.0
443427,0.0
443509,0.0
443939,0.0
444168,0.0
444211,0.0
444241,0.0
444251,0.0
444261,0.0
444399,0.0
444561,0.0
444568,0.0
445069,0.0
445125,0.0
445189,0.0
445625,1.0
445713,0.0
446060,0.0
446072,0.0
446340,0.0
446524,0.0
446709,0.0
446712,0.0
446778,0.0
446798,0.0
446934,0.0
446970,0.0
447092,0.0
447217,0.0
447418,0.0
447553,0.0
447849,0.0
447874,0.0
447883,0.0
447907,0.0
447962,0.0
448015,0.0
448164,0.0
448203,0.0
448210,0.0
448408,0.0
448467,0.0
448486,0.0
448524,0.0
448536,0.0
448540,0.0
448796,0.0
449516,0.0
449628,0.0
449638,0.0
449648,0.0
449656,0.0
449692,0.0
449874,0.0
449932,0.0
449940,0.0
450061,0.0
450100,0.0
450399,0.0
450560,0.0
450602,0.0
450736,0.0
450766,0.0
450855,0.0
450937,0.0
451018,0.0
451471,0.0
451700,0.0
451791,0.0
451826,0.0
451828,0.0
451883,0.0
451982,0.0
452031,0.0
452071,0.0
452159,0.0
452253,0.0
452347,0.0
452361,0.0
452423,0.0
452522,0.0
452612,0.0
452709,0.0
452744,0.0
453282,0.0
453329,0.0
453334,0.0
453392,0.0
453418,0.0
453532,0.0
453537,0.0
453607,0.0
453611,0.0
453663,0.0
453725,0.0
453972,0.0
454012,0.0
454018,0.0
454108,0.0
454114,0.0
454119,0.0
454207,0.0
454237,0.0
454302,0.0
454624,1.0
454750,0.0
454928,0.0
454957,0.0
454983,0.0
454992,0.0
455066,0.0
455104,0.0
455105,0.0
455125,0.0
455156,0.0
455368,0.0
455501,0.0
455519,0.0
455577,0.0
455624,0.0
455779,0.0
455817,0.0
455872,0.0
455879,0.0
455883,0.0
455892,0.0
456112,0.0
456182,0.0
456362,0.0
456382,0.0
456448,0.0
456606,0.0
456620,0.0
456669,0.0
456674,0.0
456727,0.0
456760,0.0
456777,0.0
456810,0.0
457491,0.0
457611,1.0
457635,0.0
457667,0.0
457714,0.0
457723,0.0
457737,0.0
457775,0.0
457878,0.0
457911,0.0
458395,0.0
458598,0.0
458875,0.0
459090,0.0
459286,0.0
459288,0.0
459294,0.0
459307,0.0
459313,0.0
459386,0.0
459432,1.0
459460,0.0
